Source,Date,Mean
South Korea,Dec-16,36
South Korea,Nov-16,-4
South Korea,Oct-16,19
South Korea,Sep-16,20
South Korea,Aug-16,34
South Korea,Jul-16,-2
South Korea,Jun-16,32
South Korea,May-16,4
South Korea,Apr-16,25
South Korea,Mar-16,7
South Korea,Feb-16,35
South Korea,Jan-16,26
South Korea,Dec-15,12
South Korea,Nov-15,10
South Korea,Oct-15,18
South Korea,Sep-15,22
South Korea,Aug-15,-7
South Korea,Jul-15,31
South Korea,Jun-15,-5
South Korea,May-15,13
South Korea,Apr-15,9
South Korea,Mar-15,35
South Korea,Feb-15,3
South Korea,Jan-15,22
South Korea,Dec-14,16
South Korea,Nov-14,13
South Korea,Oct-14,11
South Korea,Sep-14,10
South Korea,Aug-14,17
South Korea,Jul-14,34
South Korea,Jun-14,21
South Korea,May-14,22
South Korea,Apr-14,35
South Korea,Mar-14,4
South Korea,Feb-14,-9
South Korea,Jan-14,29
South Korea,Dec-13,5
South Korea,Nov-13,-6
South Korea,Oct-13,27
South Korea,Sep-13,18
South Korea,Aug-13,4
South Korea,Jul-13,25
South Korea,Jun-13,22
South Korea,May-13,-2
South Korea,Apr-13,-1
South Korea,Mar-13,-7
South Korea,Feb-13,-10
South Korea,Jan-13,32
South Korea,Dec-12,14
South Korea,Nov-12,11
South Korea,Oct-12,32
South Korea,Sep-12,35
South Korea,Aug-12,10
South Korea,Jul-12,-9
South Korea,Jun-12,37
South Korea,May-12,16
South Korea,Apr-12,22
South Korea,Mar-12,-10
South Korea,Feb-12,3
South Korea,Jan-12,34
South Korea,Dec-11,-7
South Korea,Nov-11,10
South Korea,Oct-11,20
South Korea,Sep-11,-5
South Korea,Aug-11,24
South Korea,Jul-11,13
South Korea,Jun-11,30
South Korea,May-11,11
South Korea,Apr-11,34
South Korea,Mar-11,29
South Korea,Feb-11,0
South Korea,Jan-11,8
South Korea,Dec-10,-9
South Korea,Nov-10,0
South Korea,Oct-10,8
South Korea,Sep-10,16
South Korea,Aug-10,28
South Korea,Jul-10,-5
South Korea,Jun-10,34
South Korea,May-10,-2
South Korea,Apr-10,36
South Korea,Mar-10,-8
South Korea,Feb-10,-5
South Korea,Jan-10,25
South Korea,Dec-09,8
South Korea,Nov-09,23
South Korea,Oct-09,29
South Korea,Sep-09,20
South Korea,Aug-09,14
South Korea,Jul-09,35
South Korea,Jun-09,-8
South Korea,May-09,3
South Korea,Apr-09,14
South Korea,Mar-09,35
South Korea,Feb-09,-3
South Korea,Jan-09,9
South Korea,Dec-08,30
South Korea,Nov-08,18
South Korea,Oct-08,14
South Korea,Sep-08,29
South Korea,Aug-08,21
South Korea,Jul-08,20
South Korea,Jun-08,31
South Korea,May-08,33
South Korea,Apr-08,-10
South Korea,Mar-08,25
South Korea,Feb-08,36
South Korea,Jan-08,-2
South Korea,Dec-07,-8
South Korea,Nov-07,35
South Korea,Oct-07,8
South Korea,Sep-07,28
South Korea,Aug-07,-4
South Korea,Jul-07,18
South Korea,Jun-07,9
South Korea,May-07,32
South Korea,Apr-07,25
South Korea,Mar-07,-3
South Korea,Feb-07,18
South Korea,Jan-07,-9
South Korea,Dec-06,2
South Korea,Nov-06,-5
South Korea,Oct-06,0
South Korea,Sep-06,32
South Korea,Aug-06,7
South Korea,Jul-06,18
South Korea,Jun-06,19
South Korea,May-06,0
South Korea,Apr-06,-5
South Korea,Mar-06,10
South Korea,Feb-06,-5
South Korea,Jan-06,0
South Korea,Dec-05,-9
South Korea,Nov-05,5
South Korea,Oct-05,16
South Korea,Sep-05,20
South Korea,Aug-05,31
South Korea,Jul-05,-7
South Korea,Jun-05,-4
South Korea,May-05,25
South Korea,Apr-05,20
South Korea,Mar-05,27
South Korea,Feb-05,30
South Korea,Jan-05,33
South Korea,Dec-04,33
South Korea,Nov-04,12
South Korea,Oct-04,21
South Korea,Sep-04,17
South Korea,Aug-04,15
South Korea,Jul-04,11
South Korea,Jun-04,37
South Korea,May-04,34
South Korea,Apr-04,26
South Korea,Mar-04,34
South Korea,Feb-04,30
South Korea,Jan-04,12
South Korea,Dec-03,13
South Korea,Nov-03,-4
South Korea,Oct-03,16
South Korea,Sep-03,-1
South Korea,Aug-03,23
South Korea,Jul-03,31
South Korea,Jun-03,2
South Korea,May-03,1
South Korea,Apr-03,1
South Korea,Mar-03,2
South Korea,Feb-03,34
South Korea,Jan-03,-5
South Korea,Dec-02,9
South Korea,Nov-02,-3
South Korea,Oct-02,19
South Korea,Sep-02,14
South Korea,Aug-02,-9
South Korea,Jul-02,22
South Korea,Jun-02,28
South Korea,May-02,11
South Korea,Apr-02,8
South Korea,Mar-02,33
South Korea,Feb-02,17
South Korea,Jan-02,18
South Korea,Dec-01,11
South Korea,Nov-01,35
South Korea,Oct-01,31
South Korea,Sep-01,34
South Korea,Aug-01,35
South Korea,Jul-01,32
South Korea,Jun-01,0
South Korea,May-01,25
South Korea,Apr-01,-6
South Korea,Mar-01,35
South Korea,Feb-01,24
South Korea,Jan-01,22
South Korea,Dec-00,34
South Korea,Nov-00,27
South Korea,Oct-00,25
South Korea,Sep-00,-3
South Korea,Aug-00,7
South Korea,Jul-00,33
South Korea,Jun-00,28
South Korea,May-00,-3
South Korea,Apr-00,-7
South Korea,Mar-00,-3
South Korea,Feb-00,2
South Korea,Jan-00,30
South Korea,Dec-99,26
South Korea,Nov-99,6
South Korea,Oct-99,3
South Korea,Sep-99,27
South Korea,Aug-99,23
South Korea,Jul-99,-5
South Korea,Jun-99,-10
South Korea,May-99,-3
South Korea,Apr-99,-10
South Korea,Mar-99,-6
South Korea,Feb-99,12
South Korea,Jan-99,7
South Korea,Dec-98,-7
South Korea,Nov-98,22
South Korea,Oct-98,11
South Korea,Sep-98,12
South Korea,Aug-98,8
South Korea,Jul-98,26
South Korea,Jun-98,32
South Korea,May-98,33
South Korea,Apr-98,26
South Korea,Mar-98,-10
South Korea,Feb-98,0
South Korea,Jan-98,18
South Korea,Dec-97,1
South Korea,Nov-97,7
South Korea,Oct-97,35
South Korea,Sep-97,26
South Korea,Aug-97,-3
South Korea,Jul-97,-1
South Korea,Jun-97,-4
South Korea,May-97,28
South Korea,Apr-97,24
South Korea,Mar-97,11
South Korea,Feb-97,14
South Korea,Jan-97,18
South Korea,Dec-96,24
South Korea,Nov-96,6
South Korea,Oct-96,-6
South Korea,Sep-96,16
South Korea,Aug-96,28
South Korea,Jul-96,-2
South Korea,Jun-96,18
South Korea,May-96,25
South Korea,Apr-96,30
South Korea,Mar-96,28
South Korea,Feb-96,5
South Korea,Jan-96,17
South Korea,Dec-95,27
South Korea,Nov-95,24
South Korea,Oct-95,29
South Korea,Sep-95,30
South Korea,Aug-95,30
South Korea,Jul-95,21
South Korea,Jun-95,7
South Korea,May-95,-9
South Korea,Apr-95,6
South Korea,Mar-95,9
South Korea,Feb-95,-5
South Korea,Jan-95,5
South Korea,Dec-94,-8
South Korea,Nov-94,6
South Korea,Oct-94,15
South Korea,Sep-94,19
South Korea,Aug-94,28
South Korea,Jul-94,26
South Korea,Jun-94,34
South Korea,May-94,-4
South Korea,Apr-94,29
South Korea,Mar-94,21
South Korea,Feb-94,3
South Korea,Jan-94,26
South Korea,Dec-93,26
South Korea,Nov-93,29
South Korea,Oct-93,12
South Korea,Sep-93,5
South Korea,Aug-93,6
South Korea,Jul-93,30
South Korea,Jun-93,35
South Korea,May-93,29
South Korea,Apr-93,17
South Korea,Mar-93,0
South Korea,Feb-93,33
South Korea,Jan-93,17
South Korea,Dec-92,-9
South Korea,Nov-92,14
South Korea,Oct-92,-8
South Korea,Sep-92,5
South Korea,Aug-92,8
South Korea,Jul-92,15
South Korea,Jun-92,9
South Korea,May-92,10
South Korea,Apr-92,-2
South Korea,Mar-92,28
South Korea,Feb-92,-8
South Korea,Jan-92,-6
South Korea,Dec-91,7
South Korea,Nov-91,3
South Korea,Oct-91,-9
South Korea,Sep-91,21
South Korea,Aug-91,20
South Korea,Jul-91,37
South Korea,Jun-91,22
South Korea,May-91,8
South Korea,Apr-91,-6
South Korea,Mar-91,-9
South Korea,Feb-91,26
South Korea,Jan-91,5
South Korea,Dec-90,26
South Korea,Nov-90,28
South Korea,Oct-90,2
South Korea,Sep-90,-7
South Korea,Aug-90,22
South Korea,Jul-90,7
South Korea,Jun-90,1
South Korea,May-90,10
South Korea,Apr-90,37
South Korea,Mar-90,0
South Korea,Feb-90,28
South Korea,Jan-90,20
South Korea,Dec-89,29
South Korea,Nov-89,0
South Korea,Oct-89,-1
South Korea,Sep-89,17
South Korea,Aug-89,-8
South Korea,Jul-89,-7
South Korea,Jun-89,1
South Korea,May-89,26
South Korea,Apr-89,25
South Korea,Mar-89,29
South Korea,Feb-89,25
South Korea,Jan-89,9
South Korea,Dec-88,1
South Korea,Nov-88,-6
South Korea,Oct-88,31
South Korea,Sep-88,36
South Korea,Aug-88,34
South Korea,Jul-88,11
South Korea,Jun-88,14
South Korea,May-88,25
South Korea,Apr-88,4
South Korea,Mar-88,2
South Korea,Feb-88,2
South Korea,Jan-88,15
South Korea,Dec-87,29
South Korea,Nov-87,32
South Korea,Oct-87,19
South Korea,Sep-87,31
South Korea,Aug-87,2
South Korea,Jul-87,19
South Korea,Jun-87,-8
South Korea,May-87,26
South Korea,Apr-87,10
South Korea,Mar-87,1
South Korea,Feb-87,0
South Korea,Jan-87,26
South Korea,Dec-86,15
South Korea,Nov-86,1
South Korea,Oct-86,29
South Korea,Sep-86,22
South Korea,Aug-86,12
South Korea,Jul-86,35
South Korea,Jun-86,13
South Korea,May-86,9
South Korea,Apr-86,12
South Korea,Mar-86,7
South Korea,Feb-86,9
South Korea,Jan-86,25
South Korea,Dec-85,31
South Korea,Nov-85,-10
South Korea,Oct-85,13
South Korea,Sep-85,-4
South Korea,Aug-85,29
South Korea,Jul-85,36
South Korea,Jun-85,11
South Korea,May-85,15
South Korea,Apr-85,16
South Korea,Mar-85,4
South Korea,Feb-85,31
South Korea,Jan-85,22
South Korea,Dec-84,-7
South Korea,Nov-84,9
South Korea,Oct-84,-8
South Korea,Sep-84,-2
South Korea,Aug-84,27
South Korea,Jul-84,9
South Korea,Jun-84,27
South Korea,May-84,6
South Korea,Apr-84,16
South Korea,Mar-84,2
South Korea,Feb-84,5
South Korea,Jan-84,-8
South Korea,Dec-83,31
South Korea,Nov-83,19
South Korea,Oct-83,0
South Korea,Sep-83,34
South Korea,Aug-83,4
South Korea,Jul-83,8
South Korea,Jun-83,3
South Korea,May-83,6
South Korea,Apr-83,10
South Korea,Mar-83,31
South Korea,Feb-83,16
South Korea,Jan-83,-10
South Korea,Dec-82,7
South Korea,Nov-82,9
South Korea,Oct-82,34
South Korea,Sep-82,-9
South Korea,Aug-82,34
South Korea,Jul-82,16
South Korea,Jun-82,19
South Korea,May-82,36
South Korea,Apr-82,4
South Korea,Mar-82,23
South Korea,Feb-82,24
South Korea,Jan-82,17
South Korea,Dec-81,36
South Korea,Nov-81,18
South Korea,Oct-81,21
South Korea,Sep-81,28
South Korea,Aug-81,14
South Korea,Jul-81,8
South Korea,Jun-81,16
South Korea,May-81,-4
South Korea,Apr-81,34
South Korea,Mar-81,2
South Korea,Feb-81,-5
South Korea,Jan-81,-4
South Korea,Dec-80,16
South Korea,Nov-80,27
South Korea,Oct-80,12
South Korea,Sep-80,16
South Korea,Aug-80,25
South Korea,Jul-80,21
South Korea,Jun-80,37
South Korea,May-80,23
South Korea,Apr-80,-3
South Korea,Mar-80,0
South Korea,Feb-80,-10
South Korea,Jan-80,28
South Korea,Dec-79,23
South Korea,Nov-79,13
South Korea,Oct-79,29
South Korea,Sep-79,-4
South Korea,Aug-79,-6
South Korea,Jul-79,36
South Korea,Jun-79,9
South Korea,May-79,36
South Korea,Apr-79,-6
South Korea,Mar-79,6
South Korea,Feb-79,2
South Korea,Jan-79,31
South Korea,Dec-78,-7
South Korea,Nov-78,3
South Korea,Oct-78,-3
South Korea,Sep-78,24
South Korea,Aug-78,0
South Korea,Jul-78,-3
South Korea,Jun-78,-2
South Korea,May-78,20
South Korea,Apr-78,0
South Korea,Mar-78,14
South Korea,Feb-78,7
South Korea,Jan-78,7
South Korea,Dec-77,21
South Korea,Nov-77,-8
South Korea,Oct-77,17
South Korea,Sep-77,3
South Korea,Aug-77,2
South Korea,Jul-77,18
South Korea,Jun-77,21
South Korea,May-77,19
South Korea,Apr-77,36
South Korea,Mar-77,24
South Korea,Feb-77,-7
South Korea,Jan-77,6
South Korea,Dec-76,-8
South Korea,Nov-76,33
South Korea,Oct-76,32
South Korea,Sep-76,-4
South Korea,Aug-76,-9
South Korea,Jul-76,2
South Korea,Jun-76,10
South Korea,May-76,-9
South Korea,Apr-76,2
South Korea,Mar-76,-5
South Korea,Feb-76,27
South Korea,Jan-76,-1
South Korea,Dec-75,3
South Korea,Nov-75,15
South Korea,Oct-75,4
South Korea,Sep-75,5
South Korea,Aug-75,37
South Korea,Jul-75,4
South Korea,Jun-75,37
South Korea,May-75,19
South Korea,Apr-75,0
South Korea,Mar-75,-2
South Korea,Feb-75,12
South Korea,Jan-75,21
South Korea,Dec-74,3
South Korea,Nov-74,17
South Korea,Oct-74,12
South Korea,Sep-74,15
South Korea,Aug-74,1
South Korea,Jul-74,-10
South Korea,Jun-74,26
South Korea,May-74,20
South Korea,Apr-74,33
South Korea,Mar-74,13
South Korea,Feb-74,37
South Korea,Jan-74,-9
South Korea,Dec-73,-5
South Korea,Nov-73,26
South Korea,Oct-73,29
South Korea,Sep-73,3
South Korea,Aug-73,-9
South Korea,Jul-73,10
South Korea,Jun-73,33
South Korea,May-73,34
South Korea,Apr-73,5
South Korea,Mar-73,35
South Korea,Feb-73,7
South Korea,Jan-73,7
South Korea,Dec-72,17
South Korea,Nov-72,17
South Korea,Oct-72,30
South Korea,Sep-72,-3
South Korea,Aug-72,34
South Korea,Jul-72,30
South Korea,Jun-72,5
South Korea,May-72,15
South Korea,Apr-72,3
South Korea,Mar-72,7
South Korea,Feb-72,-9
South Korea,Jan-72,27
South Korea,Dec-71,14
South Korea,Nov-71,-5
South Korea,Oct-71,25
South Korea,Sep-71,-6
South Korea,Aug-71,-6
South Korea,Jul-71,21
South Korea,Jun-71,21
South Korea,May-71,31
South Korea,Apr-71,9
South Korea,Mar-71,0
South Korea,Feb-71,15
South Korea,Jan-71,2
South Korea,Dec-70,-2
South Korea,Nov-70,4
South Korea,Oct-70,27
South Korea,Sep-70,21
South Korea,Aug-70,15
South Korea,Jul-70,-7
South Korea,Jun-70,3
South Korea,May-70,-4
South Korea,Apr-70,5
South Korea,Mar-70,19
South Korea,Feb-70,26
South Korea,Jan-70,16
South Korea,Dec-69,23
South Korea,Nov-69,32
South Korea,Oct-69,24
South Korea,Sep-69,15
South Korea,Aug-69,10
South Korea,Jul-69,30
South Korea,Jun-69,-9
South Korea,May-69,7
South Korea,Apr-69,12
South Korea,Mar-69,18
South Korea,Feb-69,0
South Korea,Jan-69,34
South Korea,Dec-68,13
South Korea,Nov-68,18
South Korea,Oct-68,29
South Korea,Sep-68,15
South Korea,Aug-68,8
South Korea,Jul-68,10
South Korea,Jun-68,23
South Korea,May-68,36
South Korea,Apr-68,18
South Korea,Mar-68,-5
South Korea,Feb-68,-1
South Korea,Jan-68,-8
South Korea,Dec-67,22
South Korea,Nov-67,20
South Korea,Oct-67,-6
South Korea,Sep-67,31
South Korea,Aug-67,9
South Korea,Jul-67,30
South Korea,Jun-67,17
South Korea,May-67,29
South Korea,Apr-67,29
South Korea,Mar-67,-7
South Korea,Feb-67,14
South Korea,Jan-67,7
South Korea,Dec-66,-5
South Korea,Nov-66,-5
South Korea,Oct-66,20
South Korea,Sep-66,-7
South Korea,Aug-66,12
South Korea,Jul-66,13
South Korea,Jun-66,14
South Korea,May-66,2
South Korea,Apr-66,-7
South Korea,Mar-66,6
South Korea,Feb-66,27
South Korea,Jan-66,14
South Korea,Dec-65,4
South Korea,Nov-65,11
South Korea,Oct-65,1
South Korea,Sep-65,-3
South Korea,Aug-65,-5
South Korea,Jul-65,-3
South Korea,Jun-65,-1
South Korea,May-65,10
South Korea,Apr-65,6
South Korea,Mar-65,30
South Korea,Feb-65,15
South Korea,Jan-65,32
South Korea,Dec-64,15
South Korea,Nov-64,-6
South Korea,Oct-64,18
South Korea,Sep-64,37
South Korea,Aug-64,23
South Korea,Jul-64,-2
South Korea,Jun-64,10
South Korea,May-64,17
South Korea,Apr-64,3
South Korea,Mar-64,1
South Korea,Feb-64,-9
South Korea,Jan-64,21
South Korea,Dec-63,8
South Korea,Nov-63,27
South Korea,Oct-63,27
South Korea,Sep-63,33
South Korea,Aug-63,-7
South Korea,Jul-63,-6
South Korea,Jun-63,4
South Korea,May-63,24
South Korea,Apr-63,22
South Korea,Mar-63,-10
South Korea,Feb-63,17
South Korea,Jan-63,30
South Korea,Dec-62,26
South Korea,Nov-62,27
South Korea,Oct-62,1
South Korea,Sep-62,33
South Korea,Aug-62,15
South Korea,Jul-62,2
South Korea,Jun-62,-2
South Korea,May-62,20
South Korea,Apr-62,8
South Korea,Mar-62,16
South Korea,Feb-62,31
South Korea,Jan-62,-4
South Korea,Dec-61,4
South Korea,Nov-61,5
South Korea,Oct-61,22
South Korea,Sep-61,35
South Korea,Aug-61,9
South Korea,Jul-61,8
South Korea,Jun-61,16
South Korea,May-61,18
South Korea,Apr-61,5
South Korea,Mar-61,1
South Korea,Feb-61,33
South Korea,Jan-61,27
South Korea,Dec-60,18
South Korea,Nov-60,34
South Korea,Oct-60,0
South Korea,Sep-60,-10
South Korea,Aug-60,32
South Korea,Jul-60,6
South Korea,Jun-60,-10
South Korea,May-60,9
South Korea,Apr-60,1
South Korea,Mar-60,-2
South Korea,Feb-60,24
South Korea,Jan-60,24
South Korea,Dec-59,23
South Korea,Nov-59,15
South Korea,Oct-59,17
South Korea,Sep-59,10
South Korea,Aug-59,29
South Korea,Jul-59,1
South Korea,Jun-59,-7
South Korea,May-59,24
South Korea,Apr-59,-1
South Korea,Mar-59,-4
South Korea,Feb-59,31
South Korea,Jan-59,-9
South Korea,Dec-58,36
South Korea,Nov-58,2
South Korea,Oct-58,14
South Korea,Sep-58,15
South Korea,Aug-58,24
South Korea,Jul-58,33
South Korea,Jun-58,0
South Korea,May-58,7
South Korea,Apr-58,24
South Korea,Mar-58,-4
South Korea,Feb-58,37
South Korea,Jan-58,11
South Korea,Dec-57,6
South Korea,Nov-57,-3
South Korea,Oct-57,-10
South Korea,Sep-57,27
South Korea,Aug-57,11
South Korea,Jul-57,-2
South Korea,Jun-57,21
South Korea,May-57,-5
South Korea,Apr-57,4
South Korea,Mar-57,16
South Korea,Feb-57,33
South Korea,Jan-57,1
South Korea,Dec-56,29
South Korea,Nov-56,25
South Korea,Oct-56,22
South Korea,Sep-56,36
South Korea,Aug-56,0
South Korea,Jul-56,20
South Korea,Jun-56,-8
South Korea,May-56,21
South Korea,Apr-56,16
South Korea,Mar-56,8
South Korea,Feb-56,31
South Korea,Jan-56,9
South Korea,Dec-55,18
South Korea,Nov-55,2
South Korea,Oct-55,12
South Korea,Sep-55,19
South Korea,Aug-55,-6
South Korea,Jul-55,29
South Korea,Jun-55,-10
South Korea,May-55,7
South Korea,Apr-55,10
South Korea,Mar-55,0
South Korea,Feb-55,2
South Korea,Jan-55,4
South Korea,Dec-54,36
South Korea,Nov-54,6
South Korea,Oct-54,25
South Korea,Sep-54,27
South Korea,Aug-54,21
South Korea,Jul-54,-5
South Korea,Jun-54,32
South Korea,May-54,6
South Korea,Apr-54,-2
South Korea,Mar-54,3
South Korea,Feb-54,9
South Korea,Jan-54,18
South Korea,Dec-53,34
South Korea,Nov-53,34
South Korea,Oct-53,35
South Korea,Sep-53,12
South Korea,Aug-53,0
South Korea,Jul-53,8
South Korea,Jun-53,25
South Korea,May-53,17
South Korea,Apr-53,8
South Korea,Mar-53,1
South Korea,Feb-53,2
South Korea,Jan-53,30
South Korea,Dec-52,10
South Korea,Nov-52,29
South Korea,Oct-52,-1
South Korea,Sep-52,23
South Korea,Aug-52,0
South Korea,Jul-52,15
South Korea,Jun-52,33
South Korea,May-52,18
South Korea,Apr-52,25
South Korea,Mar-52,-10
South Korea,Feb-52,28
South Korea,Jan-52,19
South Korea,Dec-51,23
South Korea,Nov-51,31
South Korea,Oct-51,31
South Korea,Sep-51,-5
South Korea,Aug-51,2
South Korea,Jul-51,-7
South Korea,Jun-51,24
South Korea,May-51,28
South Korea,Apr-51,5
South Korea,Mar-51,-8
South Korea,Feb-51,20
South Korea,Jan-51,28
South Korea,Dec-50,3
South Korea,Nov-50,9
South Korea,Oct-50,16
South Korea,Sep-50,19
South Korea,Aug-50,22
South Korea,Jul-50,27
South Korea,Jun-50,34
South Korea,May-50,21
South Korea,Apr-50,12
South Korea,Mar-50,33
South Korea,Feb-50,11
South Korea,Jan-50,-5
South Korea,Dec-49,-10
South Korea,Nov-49,3
South Korea,Oct-49,18
South Korea,Sep-49,0
South Korea,Aug-49,24
South Korea,Jul-49,-9
South Korea,Jun-49,31
South Korea,May-49,26
South Korea,Apr-49,4
South Korea,Mar-49,24
South Korea,Feb-49,20
South Korea,Jan-49,10
South Korea,Dec-48,15
South Korea,Nov-48,26
South Korea,Oct-48,29
South Korea,Sep-48,12
South Korea,Aug-48,36
South Korea,Jul-48,29
South Korea,Jun-48,33
South Korea,May-48,2
South Korea,Apr-48,6
South Korea,Mar-48,24
South Korea,Feb-48,33
South Korea,Jan-48,-5
South Korea,Dec-47,14
South Korea,Nov-47,24
South Korea,Oct-47,33
South Korea,Sep-47,36
South Korea,Aug-47,-7
South Korea,Jul-47,14
South Korea,Jun-47,4
South Korea,May-47,14
South Korea,Apr-47,35
South Korea,Mar-47,6
South Korea,Feb-47,26
South Korea,Jan-47,-5
South Korea,Dec-46,15
South Korea,Nov-46,-6
South Korea,Oct-46,-10
South Korea,Sep-46,-5
South Korea,Aug-46,12
South Korea,Jul-46,22
South Korea,Jun-46,12
South Korea,May-46,27
South Korea,Apr-46,31
South Korea,Mar-46,0
South Korea,Feb-46,29
South Korea,Jan-46,29
South Korea,Dec-45,-1
South Korea,Nov-45,-5
South Korea,Oct-45,37
South Korea,Sep-45,10
South Korea,Aug-45,8
South Korea,Jul-45,28
South Korea,Jun-45,29
South Korea,May-45,-5
South Korea,Apr-45,-4
South Korea,Mar-45,8
South Korea,Feb-45,-10
South Korea,Jan-45,23
South Korea,Dec-44,0
South Korea,Nov-44,28
South Korea,Oct-44,24
South Korea,Sep-44,-4
South Korea,Aug-44,-8
South Korea,Jul-44,1
South Korea,Jun-44,6
South Korea,May-44,22
South Korea,Apr-44,32
South Korea,Mar-44,33
South Korea,Feb-44,-8
South Korea,Jan-44,-7
South Korea,Dec-43,19
South Korea,Nov-43,23
South Korea,Oct-43,33
South Korea,Sep-43,29
South Korea,Aug-43,32
South Korea,Jul-43,28
South Korea,Jun-43,5
South Korea,May-43,27
South Korea,Apr-43,-10
South Korea,Mar-43,11
South Korea,Feb-43,26
South Korea,Jan-43,15
South Korea,Dec-42,21
South Korea,Nov-42,32
South Korea,Oct-42,-5
South Korea,Sep-42,25
South Korea,Aug-42,-3
South Korea,Jul-42,33
South Korea,Jun-42,21
South Korea,May-42,10
South Korea,Apr-42,15
South Korea,Mar-42,10
South Korea,Feb-42,20
South Korea,Jan-42,-8
South Korea,Dec-41,27
South Korea,Nov-41,34
South Korea,Oct-41,18
South Korea,Sep-41,7
South Korea,Aug-41,-2
South Korea,Jul-41,35
South Korea,Jun-41,-4
South Korea,May-41,28
South Korea,Apr-41,33
South Korea,Mar-41,17
South Korea,Feb-41,-1
South Korea,Jan-41,-9
South Korea,Dec-40,14
South Korea,Nov-40,23
South Korea,Oct-40,22
South Korea,Sep-40,-5
South Korea,Aug-40,7
South Korea,Jul-40,15
South Korea,Jun-40,-9
South Korea,May-40,-9
South Korea,Apr-40,28
South Korea,Mar-40,13
South Korea,Feb-40,6
South Korea,Jan-40,30
South Korea,Dec-39,-4
South Korea,Nov-39,-7
South Korea,Oct-39,19
South Korea,Sep-39,36
South Korea,Aug-39,13
South Korea,Jul-39,14
South Korea,Jun-39,23
South Korea,May-39,3
South Korea,Apr-39,-9
South Korea,Mar-39,-8
South Korea,Feb-39,-2
South Korea,Jan-39,17
South Korea,Dec-38,18
South Korea,Nov-38,16
South Korea,Oct-38,17
South Korea,Sep-38,7
South Korea,Aug-38,23
South Korea,Jul-38,13
South Korea,Jun-38,33
South Korea,May-38,-1
South Korea,Apr-38,34
South Korea,Mar-38,18
South Korea,Feb-38,5
South Korea,Jan-38,-6
South Korea,Dec-37,29
South Korea,Nov-37,14
South Korea,Oct-37,-10
South Korea,Sep-37,21
South Korea,Aug-37,22
South Korea,Jul-37,30
South Korea,Jun-37,16
South Korea,May-37,-3
South Korea,Apr-37,26
South Korea,Mar-37,25
South Korea,Feb-37,6
South Korea,Jan-37,20
South Korea,Dec-36,0
South Korea,Nov-36,-6
South Korea,Oct-36,10
South Korea,Sep-36,22
South Korea,Aug-36,25
South Korea,Jul-36,33
South Korea,Jun-36,20
South Korea,May-36,12
South Korea,Apr-36,26
South Korea,Mar-36,26
South Korea,Feb-36,14
South Korea,Jan-36,-4
South Korea,Dec-35,16
South Korea,Nov-35,16
South Korea,Oct-35,37
South Korea,Sep-35,11
South Korea,Aug-35,11
South Korea,Jul-35,33
South Korea,Jun-35,31
South Korea,May-35,36
South Korea,Apr-35,21
South Korea,Mar-35,35
South Korea,Feb-35,27
South Korea,Jan-35,-9
South Korea,Dec-34,5
South Korea,Nov-34,-5
South Korea,Oct-34,2
South Korea,Sep-34,24
South Korea,Aug-34,22
South Korea,Jul-34,17
South Korea,Jun-34,10
South Korea,May-34,27
South Korea,Apr-34,-4
South Korea,Mar-34,4
South Korea,Feb-34,12
South Korea,Jan-34,36
South Korea,Dec-33,2
South Korea,Nov-33,26
South Korea,Oct-33,6
South Korea,Sep-33,17
South Korea,Aug-33,14
South Korea,Jul-33,0
South Korea,Jun-33,6
South Korea,May-33,33
South Korea,Apr-33,0
South Korea,Mar-33,30
South Korea,Feb-33,8
South Korea,Jan-33,-10
South Korea,Dec-32,-4
South Korea,Nov-32,15
South Korea,Oct-32,22
South Korea,Sep-32,-3
South Korea,Aug-32,-1
South Korea,Jul-32,21
South Korea,Jun-32,-2
South Korea,May-32,-8
South Korea,Apr-32,-3
South Korea,Mar-32,7
South Korea,Feb-32,12
South Korea,Jan-32,-7
South Korea,Dec-31,18
South Korea,Nov-31,1
South Korea,Oct-31,31
South Korea,Sep-31,13
South Korea,Aug-31,18
South Korea,Jul-31,8
South Korea,Jun-31,7
South Korea,May-31,-5
South Korea,Apr-31,20
South Korea,Mar-31,1
South Korea,Feb-31,-6
South Korea,Jan-31,28
South Korea,Dec-30,15
South Korea,Nov-30,3
South Korea,Oct-30,33
South Korea,Sep-30,19
South Korea,Aug-30,23
South Korea,Jul-30,-2
South Korea,Jun-30,7
South Korea,May-30,13
South Korea,Apr-30,-5
South Korea,Mar-30,36
South Korea,Feb-30,30
South Korea,Jan-30,17
South Korea,Dec-29,26
South Korea,Nov-29,35
South Korea,Oct-29,16
South Korea,Sep-29,34
South Korea,Aug-29,-10
South Korea,Jul-29,-4
South Korea,Jun-29,0
South Korea,May-29,23
South Korea,Apr-29,-4
South Korea,Mar-29,-4
South Korea,Feb-29,4
South Korea,Jan-29,5
South Korea,Dec-28,15
South Korea,Nov-28,10
South Korea,Oct-28,24
South Korea,Sep-28,0
South Korea,Aug-28,24
South Korea,Jul-28,-1
South Korea,Jun-28,27
South Korea,May-28,35
South Korea,Apr-28,26
South Korea,Mar-28,-4
South Korea,Feb-28,5
South Korea,Jan-28,9
South Korea,Dec-27,28
South Korea,Nov-27,18
South Korea,Oct-27,-6
South Korea,Sep-27,8
South Korea,Aug-27,11
South Korea,Jul-27,-4
South Korea,Jun-27,37
South Korea,May-27,-7
South Korea,Apr-27,21
South Korea,Mar-27,0
South Korea,Feb-27,28
South Korea,Jan-27,-7
South Korea,Dec-26,35
South Korea,Nov-26,37
South Korea,Oct-26,-7
South Korea,Sep-26,11
South Korea,Aug-26,32
South Korea,Jul-26,27
South Korea,Jun-26,28
South Korea,May-26,3
South Korea,Apr-26,19
South Korea,Mar-26,8
South Korea,Feb-26,4
South Korea,Jan-26,9
South Korea,Dec-25,27
South Korea,Nov-25,4
South Korea,Oct-25,30
South Korea,Sep-25,30
South Korea,Aug-25,-6
South Korea,Jul-25,13
South Korea,Jun-25,33
South Korea,May-25,-10
South Korea,Apr-25,17
South Korea,Mar-25,19
South Korea,Feb-25,7
South Korea,Jan-25,28
South Korea,Dec-24,0
South Korea,Nov-24,14
South Korea,Oct-24,-9
South Korea,Sep-24,6
South Korea,Aug-24,12
South Korea,Jul-24,8
South Korea,Jun-24,20
South Korea,May-24,10
South Korea,Apr-24,17
South Korea,Mar-24,18
South Korea,Feb-24,32
South Korea,Jan-24,12
South Korea,Dec-23,0
South Korea,Nov-23,-5
South Korea,Oct-23,22
South Korea,Sep-23,5
South Korea,Aug-23,19
South Korea,Jul-23,15
South Korea,Jun-23,26
South Korea,May-23,-9
South Korea,Apr-23,-4
South Korea,Mar-23,27
South Korea,Feb-23,12
South Korea,Jan-23,6
South Korea,Dec-22,14
South Korea,Nov-22,31
South Korea,Oct-22,16
South Korea,Sep-22,11
South Korea,Aug-22,7
South Korea,Jul-22,7
South Korea,Jun-22,-1
South Korea,May-22,8
South Korea,Apr-22,12
South Korea,Mar-22,15
South Korea,Feb-22,21
South Korea,Jan-22,11
South Korea,Dec-21,22
South Korea,Nov-21,15
South Korea,Oct-21,30
South Korea,Sep-21,37
South Korea,Aug-21,24
South Korea,Jul-21,1
South Korea,Jun-21,15
South Korea,May-21,1
South Korea,Apr-21,4
South Korea,Mar-21,24
South Korea,Feb-21,2
South Korea,Jan-21,37
South Korea,Dec-20,10
South Korea,Nov-20,-1
South Korea,Oct-20,16
South Korea,Sep-20,22
South Korea,Aug-20,17
South Korea,Jul-20,1
South Korea,Jun-20,14
South Korea,May-20,30
South Korea,Apr-20,6
South Korea,Mar-20,26
South Korea,Feb-20,-2
South Korea,Jan-20,19
South Korea,Dec-19,28
South Korea,Nov-19,35
South Korea,Oct-19,10
South Korea,Sep-19,37
South Korea,Aug-19,1
South Korea,Jul-19,1
South Korea,Jun-19,-8
South Korea,May-19,8
South Korea,Apr-19,-10
South Korea,Mar-19,-5
South Korea,Feb-19,11
South Korea,Jan-19,16
South Korea,Dec-18,17
South Korea,Nov-18,13
South Korea,Oct-18,8
South Korea,Sep-18,29
South Korea,Aug-18,10
South Korea,Jul-18,33
South Korea,Jun-18,35
South Korea,May-18,-10
South Korea,Apr-18,-2
South Korea,Mar-18,4
South Korea,Feb-18,13
South Korea,Jan-18,32
South Korea,Dec-17,19
South Korea,Nov-17,-9
South Korea,Oct-17,35
South Korea,Sep-17,26
South Korea,Aug-17,32
South Korea,Jul-17,-9
South Korea,Jun-17,9
South Korea,May-17,37
South Korea,Apr-17,25
South Korea,Mar-17,25
South Korea,Feb-17,22
South Korea,Jan-17,-6
South Korea,Dec-16,35
South Korea,Nov-16,37
South Korea,Oct-16,32
South Korea,Sep-16,33
South Korea,Aug-16,17
South Korea,Jul-16,33
South Korea,Jun-16,18
South Korea,May-16,24
South Korea,Apr-16,3
South Korea,Mar-16,-3
South Korea,Feb-16,-10
South Korea,Jan-16,6
South Korea,Dec-15,10
South Korea,Nov-15,35
South Korea,Oct-15,0
South Korea,Sep-15,1
South Korea,Aug-15,17
South Korea,Jul-15,6
South Korea,Jun-15,31
South Korea,May-15,36
South Korea,Apr-15,26
South Korea,Mar-15,17
South Korea,Feb-15,7
South Korea,Jan-15,-6
South Korea,Dec-14,19
South Korea,Nov-14,6
South Korea,Oct-14,12
South Korea,Sep-14,33
South Korea,Aug-14,33
South Korea,Jul-14,29
South Korea,Jun-14,14
South Korea,May-14,-8
South Korea,Apr-14,0
South Korea,Mar-14,23
South Korea,Feb-14,9
South Korea,Jan-14,35
South Korea,Dec-13,10
South Korea,Nov-13,-4
South Korea,Oct-13,-6
South Korea,Sep-13,5
South Korea,Aug-13,-4
South Korea,Jul-13,-3
South Korea,Jun-13,36
South Korea,May-13,4
South Korea,Apr-13,16
South Korea,Mar-13,7
South Korea,Feb-13,34
South Korea,Jan-13,21
South Korea,Dec-12,27
South Korea,Nov-12,35
South Korea,Oct-12,11
South Korea,Sep-12,21
South Korea,Aug-12,32
South Korea,Jul-12,16
South Korea,Jun-12,3
South Korea,May-12,20
South Korea,Apr-12,20
South Korea,Mar-12,-1
South Korea,Feb-12,13
South Korea,Jan-12,30
South Korea,Dec-11,0
South Korea,Nov-11,37
South Korea,Oct-11,25
South Korea,Sep-11,10
South Korea,Aug-11,9
South Korea,Jul-11,-6
South Korea,Jun-11,26
South Korea,May-11,-2
South Korea,Apr-11,21
South Korea,Mar-11,-1
South Korea,Feb-11,32
South Korea,Jan-11,20
South Korea,Dec-10,8
South Korea,Nov-10,10
South Korea,Oct-10,13
South Korea,Sep-10,-8
South Korea,Aug-10,-9
South Korea,Jul-10,-3
South Korea,Jun-10,4
South Korea,May-10,23
South Korea,Apr-10,11
South Korea,Mar-10,6
South Korea,Feb-10,25
South Korea,Jan-10,-1
South Korea,Dec-09,8
South Korea,Nov-09,36
South Korea,Oct-09,25
South Korea,Sep-09,13
South Korea,Aug-09,-3
South Korea,Jul-09,20
South Korea,Jun-09,-5
South Korea,May-09,-6
South Korea,Apr-09,1
South Korea,Mar-09,18
South Korea,Feb-09,3
South Korea,Jan-09,23
South Korea,Dec-08,5
South Korea,Nov-08,-2
South Korea,Oct-08,1
South Korea,Sep-08,32
South Korea,Aug-08,-10
South Korea,Jul-08,12
South Korea,Jun-08,9
South Korea,May-08,8
South Korea,Apr-08,9
South Korea,Mar-08,-6
South Korea,Feb-08,3
South Korea,Jan-08,37
South Korea,Dec-07,-5
South Korea,Nov-07,27
South Korea,Oct-07,17
South Korea,Sep-07,15
South Korea,Aug-07,-9
South Korea,Jul-07,1
South Korea,Jun-07,27
South Korea,May-07,15
South Korea,Apr-07,36
South Korea,Mar-07,36
South Korea,Feb-07,31
South Korea,Jan-07,16
South Korea,Dec-06,18
South Korea,Nov-06,-3
South Korea,Oct-06,28
South Korea,Sep-06,13
South Korea,Aug-06,16
South Korea,Jul-06,25
South Korea,Jun-06,14
South Korea,May-06,26
South Korea,Apr-06,37
South Korea,Mar-06,0
South Korea,Feb-06,10
South Korea,Jan-06,-3
South Korea,Dec-05,30
South Korea,Nov-05,21
South Korea,Oct-05,5
South Korea,Sep-05,3
South Korea,Aug-05,13
South Korea,Jul-05,11
South Korea,Jun-05,-10
South Korea,May-05,-2
South Korea,Apr-05,29
South Korea,Mar-05,26
South Korea,Feb-05,33
South Korea,Jan-05,28
South Korea,Dec-04,19
South Korea,Nov-04,0
South Korea,Oct-04,3
South Korea,Sep-04,8
South Korea,Aug-04,27
South Korea,Jul-04,-5
South Korea,Jun-04,22
South Korea,May-04,30
South Korea,Apr-04,20
South Korea,Mar-04,37
South Korea,Feb-04,30
South Korea,Jan-04,2
South Korea,Dec-03,26
South Korea,Nov-03,-10
South Korea,Oct-03,1
South Korea,Sep-03,11
South Korea,Aug-03,6
South Korea,Jul-03,26
South Korea,Jun-03,-8
South Korea,May-03,17
South Korea,Apr-03,19
South Korea,Mar-03,8
South Korea,Feb-03,36
South Korea,Jan-03,12
South Korea,Dec-02,33
South Korea,Nov-02,17
South Korea,Oct-02,26
South Korea,Sep-02,28
South Korea,Aug-02,29
South Korea,Jul-02,7
South Korea,Jun-02,4
South Korea,May-02,26
South Korea,Apr-02,5
South Korea,Mar-02,28
South Korea,Feb-02,4
South Korea,Jan-02,-9
South Korea,Dec-01,-3
South Korea,Nov-01,4
South Korea,Oct-01,-8
South Korea,Sep-01,-3
South Korea,Aug-01,37
South Korea,Jul-01,32
South Korea,Jun-01,32
South Korea,May-01,-1
South Korea,Apr-01,27
South Korea,Mar-01,12
South Korea,Feb-01,18
South Korea,Jan-01,28
South Korea,Dec-00,17
South Korea,Nov-00,-9
South Korea,Oct-00,-6
South Korea,Sep-00,8
South Korea,Aug-00,5
South Korea,Jul-00,19
South Korea,Jun-00,36
South Korea,May-00,35
South Korea,Apr-00,-8
South Korea,Mar-00,32
South Korea,Feb-00,20
South Korea,Jan-00,33
South Korea,1899-12,6
South Korea,1899-11,37
South Korea,1899-10,7
South Korea,1899-09,35
South Korea,1899-08,33
South Korea,1899-07,16
South Korea,1899-06,13
South Korea,1899-05,31
South Korea,1899-04,29
South Korea,1899-03,-10
South Korea,1899-02,28
South Korea,1899-01,9
South Korea,1898-12,-5
South Korea,1898-11,22
South Korea,1898-10,21
South Korea,1898-09,35
South Korea,1898-08,30
South Korea,1898-07,19
South Korea,1898-06,35
South Korea,1898-05,0
South Korea,1898-04,-3
South Korea,1898-03,7
South Korea,1898-02,24
South Korea,1898-01,30
South Korea,1897-12,19
South Korea,1897-11,-3
South Korea,1897-10,33
South Korea,1897-09,37
South Korea,1897-08,35
South Korea,1897-07,0
South Korea,1897-06,6
South Korea,1897-05,9
South Korea,1897-04,12
South Korea,1897-03,-7
South Korea,1897-02,5
South Korea,1897-01,-10
South Korea,1896-12,25
South Korea,1896-11,20
South Korea,1896-10,25
South Korea,1896-09,23
South Korea,1896-08,0
South Korea,1896-07,6
South Korea,1896-06,2
South Korea,1896-05,-6
South Korea,1896-04,5
South Korea,1896-03,36
South Korea,1896-02,4
South Korea,1896-01,10
South Korea,1895-12,20
South Korea,1895-11,22
South Korea,1895-10,9
South Korea,1895-09,-5
South Korea,1895-08,33
South Korea,1895-07,20
South Korea,1895-06,-4
South Korea,1895-05,-2
South Korea,1895-04,18
South Korea,1895-03,16
South Korea,1895-02,11
South Korea,1895-01,-5
South Korea,1894-12,30
South Korea,1894-11,7
South Korea,1894-10,19
South Korea,1894-09,-8
South Korea,1894-08,-9
South Korea,1894-07,16
South Korea,1894-06,4
South Korea,1894-05,6
South Korea,1894-04,-9
South Korea,1894-03,9
South Korea,1894-02,8
South Korea,1894-01,16
South Korea,1893-12,-9
South Korea,1893-11,3
South Korea,1893-10,9
South Korea,1893-09,-2
South Korea,1893-08,9
South Korea,1893-07,3
South Korea,1893-06,-9
South Korea,1893-05,34
South Korea,1893-04,35
South Korea,1893-03,-6
South Korea,1893-02,29
South Korea,1893-01,16
South Korea,1892-12,7
South Korea,1892-11,4
South Korea,1892-10,-1
South Korea,1892-09,17
South Korea,1892-08,21
South Korea,1892-07,30
South Korea,1892-06,12
South Korea,1892-05,30
South Korea,1892-04,10
South Korea,1892-03,36
South Korea,1892-02,27
South Korea,1892-01,19
South Korea,1891-12,29
South Korea,1891-11,30
South Korea,1891-10,-7
South Korea,1891-09,32
South Korea,1891-08,31
South Korea,1891-07,-9
South Korea,1891-06,-3
South Korea,1891-05,24
South Korea,1891-04,12
South Korea,1891-03,2
South Korea,1891-02,-7
South Korea,1891-01,-3
South Korea,1890-12,33
South Korea,1890-11,-8
South Korea,1890-10,26
South Korea,1890-09,22
South Korea,1890-08,-4
South Korea,1890-07,24
South Korea,1890-06,5
South Korea,1890-05,36
South Korea,1890-04,3
South Korea,1890-03,-10
South Korea,1890-02,6
South Korea,1890-01,-3
South Korea,1889-12,28
South Korea,1889-11,-2
South Korea,1889-10,25
South Korea,1889-09,20
South Korea,1889-08,30
South Korea,1889-07,7
South Korea,1889-06,9
South Korea,1889-05,24
South Korea,1889-04,16
South Korea,1889-03,-5
South Korea,1889-02,36
South Korea,1889-01,36
South Korea,1888-12,24
South Korea,1888-11,23
South Korea,1888-10,24
South Korea,1888-09,11
South Korea,1888-08,26
South Korea,1888-07,2
South Korea,1888-06,1
South Korea,1888-05,21
South Korea,1888-04,22
South Korea,1888-03,16
South Korea,1888-02,21
South Korea,1888-01,24
South Korea,1887-12,25
South Korea,1887-11,14
South Korea,1887-10,16
South Korea,1887-09,23
South Korea,1887-08,20
South Korea,1887-07,-3
South Korea,1887-06,28
South Korea,1887-05,12
South Korea,1887-04,9
South Korea,1887-03,15
South Korea,1887-02,3
South Korea,1887-01,-4
South Korea,1886-12,30
South Korea,1886-11,3
South Korea,1886-10,33
South Korea,1886-09,17
South Korea,1886-08,1
South Korea,1886-07,15
South Korea,1886-06,-2
South Korea,1886-05,5
South Korea,1886-04,3
South Korea,1886-03,-1
South Korea,1886-02,36
South Korea,1886-01,1
South Korea,1885-12,-7
South Korea,1885-11,12
South Korea,1885-10,15
South Korea,1885-09,7
South Korea,1885-08,0
South Korea,1885-07,-10
South Korea,1885-06,0
South Korea,1885-05,-8
South Korea,1885-04,22
South Korea,1885-03,-8
South Korea,1885-02,-2
South Korea,1885-01,33
South Korea,1884-12,1
South Korea,1884-11,28
South Korea,1884-10,17
South Korea,1884-09,18
South Korea,1884-08,1
South Korea,1884-07,34
South Korea,1884-06,32
South Korea,1884-05,2
South Korea,1884-04,3
South Korea,1884-03,0
South Korea,1884-02,25
South Korea,1884-01,6
South Korea,1883-12,2
South Korea,1883-11,-2
South Korea,1883-10,4
South Korea,1883-09,33
South Korea,1883-08,17
South Korea,1883-07,27
South Korea,1883-06,15
South Korea,1883-05,10
South Korea,1883-04,28
South Korea,1883-03,13
South Korea,1883-02,29
South Korea,1883-01,13
South Korea,1882-12,2
South Korea,1882-11,25
South Korea,1882-10,21
South Korea,1882-09,37
South Korea,1882-08,14
South Korea,1882-07,23
South Korea,1882-06,25
South Korea,1882-05,-10
South Korea,1882-04,35
South Korea,1882-03,1
South Korea,1882-02,5
South Korea,1882-01,-6
South Korea,1881-12,8
South Korea,1881-11,2
South Korea,1881-10,15
South Korea,1881-09,15
South Korea,1881-08,33
South Korea,1881-07,32
South Korea,1881-06,0
South Korea,1881-05,-5
South Korea,1881-04,28
South Korea,1881-03,33
South Korea,1881-02,10
South Korea,1881-01,19
South Korea,1880-12,-3
South Korea,1880-11,19
South Korea,1880-10,25
South Korea,1880-09,-5
South Korea,1880-08,2
South Korea,1880-07,6
South Korea,1880-06,25
South Korea,1880-05,36
South Korea,1880-04,31
South Korea,1880-03,35
South Korea,1880-02,11
South Korea,1880-01,-6
